-- Insert additional users to reach 20 total
INSERT INTO users (full_name, email, password_hash, phone, role_id, institution, location, is_email_verified) VALUES
('Sarah Johnson', 'sarah.johnson@example.com', 'hashed_pw12', '01712121212', 4, 'UIU', 'Dhaka', true),
('Michael Chen', 'michael.chen@example.com', 'hashed_pw13', '01713131313', 3, 'NSU', 'Chittagong', true),
('Lisa Rodriguez', 'lisa.rodriguez@example.com', 'hashed_pw14', '01714141414', 4, 'BRACU', 'Sylhet', true),
('David Kim', 'david.kim@example.com', 'hashed_pw15', '01715151515', 5, 'IUB', 'Rajshahi', true),
('Emma Wilson', 'emma.wilson@example.com', 'hashed_pw16', '01716161616', 6, 'UIU', 'Dhaka', true),
('James Brown', 'james.brown@example.com', 'hashed_pw17', '01717171717', 3, 'NSU', 'Chittagong', true),
('Olivia Davis', 'olivia.davis@example.com', 'hashed_pw18', '01718181818', 4, 'BRACU', 'Sylhet', true),
('William Taylor', 'william.taylor@example.com', 'hashed_pw19', '01719191919', 5, 'IUB', 'Rajshahi', true),
('Sophia Martinez', 'sophia.martinez@example.com', 'hashed_pw20', '01720202020', 6, 'UIU', 'Dhaka', true);

-- Insert businesses (15 records)
INSERT INTO businesses (owner_id, business_name, business_type, description, is_verified, image) VALUES
(3, 'Charlie Electronics', 'Electronics', 'Premium gadgets and electronics', true, 'electronics.jpg'),
(8, 'Ahnaf Tech Solutions', 'Electronics', 'Tech gadgets and IT services', true, 'tech_solutions.jpg'),
(10, 'Abar Arlo Books', 'Education', 'Academic and fiction books', true, 'books.jpg'),
(5, 'Evan Food Corner', 'Food', 'Fast food and snacks', true, 'food_corner.jpg'),
(4, 'Diana Catering', 'Food', 'Event catering services', true, 'catering.jpg'),
(11, 'Ahnaf Atique Sports', 'Sports', 'Sports equipment and gear', true, 'sports.jpg'),
(7, 'Ahnaf Atique Fashion', 'Clothing', 'Trendy clothing for students', true, 'fashion.jpg'),
(12, 'Sarah Johnson Cafe', 'Food', 'Coffee and snacks', false, 'cafe.jpg'),
(13, 'Michael Chen Hardware', 'Hardware', 'Tools and DIY supplies', true, 'hardware.jpg'),
(14, 'Lisa Rodriguez Beauty', 'Beauty', 'Cosmetics and skincare', true, 'beauty.jpg'),
(15, 'David Kim Stationery', 'Education', 'Office and school supplies', true, 'stationery.jpg'),
(16, 'Emma Wilson Arts', 'Arts', 'Art supplies and crafts', false, 'arts.jpg'),
(17, 'James Brown Electronics', 'Electronics', 'Affordable electronics', true, 'electronics2.jpg'),
(18, 'Olivia Davis Bakery', 'Food', 'Fresh baked goods', true, 'bakery.jpg'),
(19, 'William Taylor Books', 'Education', 'Second-hand textbooks', true, 'textbooks.jpg');

-- Insert business products (20 records)
INSERT INTO business_products (business_id, product_name, description, price, stock_quantity, category, image) VALUES
(1, 'Smartphone X', 'Latest smartphone model', 25000.00, 15, 'Electronics', 'phone.jpg'),
(1, 'Wireless Earbuds', 'Noise cancelling', 3500.00, 30, 'Electronics', 'earbuds.jpg'),
(2, 'Laptop Pro', 'High-performance laptop', 80000.00, 8, 'Electronics', 'laptop.jpg'),
(2, 'Tablet Mini', 'Compact tablet device', 22000.00, 12, 'Electronics', 'tablet.jpg'),
(3, 'C Programming Book', 'Beginner-friendly guide', 500.00, 25, 'Books', 'c_book.jpg'),
(3, 'Data Structures Book', 'Advanced concepts', 700.00, 18, 'Books', 'ds_book.jpg'),
(4, 'Burger Meal', 'Beef burger with fries', 250.00, 50, 'Food', 'burger.jpg'),
(4, 'Chicken Wrap', 'Grilled chicken wrap', 180.00, 40, 'Food', 'wrap.jpg'),
(5, 'Party Platter', 'Assorted snacks for 10', 2500.00, 10, 'Food', 'platter.jpg'),
(6, 'Football', 'Professional quality', 1200.00, 15, 'Sports', 'football.jpg'),
(6, 'Basketball', 'Indoor/outdoor use', 1000.00, 12, 'Sports', 'basketball.jpg'),
(7, 'Summer Dress', 'Lightweight cotton', 1500.00, 10, 'Clothing', 'dress.jpg'),
(7, 'Denim Jeans', 'Comfortable fit', 2000.00, 15, 'Clothing', 'jeans.jpg'),
(8, 'Coffee Blend', 'Premium coffee beans', 300.00, 20, 'Food', 'coffee.jpg'),
(9, 'Tool Kit', '20-piece set', 3000.00, 8, 'Hardware', 'tools.jpg'),
(10, 'Makeup Set', '10-piece collection', 2200.00, 12, 'Beauty', 'makeup.jpg'),
(11, 'Notebook Pack', '5 quality notebooks', 250.00, 30, 'Stationery', 'notebooks.jpg'),
(12, 'Watercolor Set', '24-color palette', 800.00, 10, 'Arts', 'watercolor.jpg'),
(13, 'Headphones', 'Wireless headphones', 1500.00, 20, 'Electronics', 'headphones.jpg'),
(14, 'Chocolate Cake', 'Rich chocolate cake', 400.00, 15, 'Food', 'cake.jpg');

-- Insert business orders (20 records)
INSERT INTO business_orders (user_id, business_id, order_date, payment_method, status, total_amount, payment_status) VALUES
(5, 1, '2025-09-01 10:30:00', 'bkash', 'completed', 25000.00, 'paid'),
(6, 1, '2025-09-02 11:15:00', 'card', 'completed', 3500.00, 'paid'),
(7, 2, '2025-09-03 12:20:00', 'bkash', 'completed', 80000.00, 'paid'),
(8, 2, '2025-09-04 13:45:00', 'cash', 'pending', 22000.00, 'pending'),
(9, 3, '2025-09-05 14:30:00', 'bkash', 'completed', 500.00, 'paid'),
(10, 3, '2025-09-06 15:20:00', 'card', 'completed', 700.00, 'paid'),
(11, 4, '2025-09-07 16:10:00', 'cash', 'completed', 250.00, 'paid'),
(12, 4, '2025-09-08 17:05:00', 'bkash', 'completed', 180.00, 'paid'),
(13, 5, '2025-09-09 18:00:00', 'card', 'completed', 2500.00, 'paid'),
(14, 6, '2025-09-10 19:30:00', 'bkash', 'completed', 1200.00, 'paid'),
(15, 6, '2025-09-11 10:15:00', 'cash', 'pending', 1000.00, 'pending'),
(16, 7, '2025-09-12 11:20:00', 'bkash', 'completed', 1500.00, 'paid'),
(17, 7, '2025-09-13 12:25:00', 'card', 'completed', 2000.00, 'paid'),
(18, 8, '2025-09-14 13:30:00', 'cash', 'completed', 300.00, 'paid'),
(19, 9, '2025-09-15 14:35:00', 'bkash', 'completed', 3000.00, 'paid'),
(20, 10, '2025-09-16 15:40:00', 'card', 'completed', 2200.00, 'paid'),
(5, 11, '2025-09-17 16:45:00', 'bkash', 'completed', 250.00, 'paid'),
(6, 12, '2025-09-18 17:50:00', 'cash', 'pending', 800.00, 'pending'),
(7, 13, '2025-09-19 18:55:00', 'bkash', 'completed', 1500.00, 'paid'),
(8, 14, '2025-09-20 19:00:00', 'card', 'completed', 400.00, 'paid');

-- Insert business order items (20 records)
INSERT INTO business_order_items (order_id, product_id, quantity, price, terms_accepted) VALUES
(1, 1, 1, 25000.00, true),
(2, 2, 1, 3500.00, true),
(3, 3, 1, 80000.00, true),
(4, 4, 1, 22000.00, true),
(5, 5, 1, 500.00, true),
(6, 6, 1, 700.00, true),
(7, 7, 1, 250.00, true),
(8, 8, 1, 180.00, true),
(9, 9, 1, 2500.00, true),
(10, 10, 1, 1200.00, true),
(11, 11, 1, 1000.00, true),
(12, 12, 1, 1500.00, true),
(13, 13, 1, 2000.00, true),
(14, 14, 1, 300.00, true),
(15, 15, 1, 3000.00, true),
(16, 16, 1, 2200.00, true),
(17, 17, 1, 250.00, true),
(18, 18, 1, 800.00, true),
(19, 19, 1, 1500.00, true),
(20, 20, 1, 400.00, true);

-- Continue with other tables (food_vendors, food_items, food_orders, payments, etc.)
-- [Additional INSERT statements for all other tables would follow the same pattern]
-- Insert additional users to reach 20 total
INSERT INTO users (full_name, email, password_hash, phone, role_id, institution, location, is_email_verified, created_at) VALUES
('Sarah Johnson', 'sarah.johnson@example.com', 'hashed_pw12', '01712121212', 4, 'UIU', 'Dhaka', true, NOW()),
('Michael Chen', 'michael.chen@example.com', 'hashed_pw13', '01713131313', 3, 'NSU', 'Chittagong', true, NOW()),
('Lisa Rodriguez', 'lisa.rodriguez@example.com', 'hashed_pw14', '01714141414', 4, 'BRACU', 'Sylhet', true, NOW()),
('David Kim', 'david.kim@example.com', 'hashed_pw15', '01715151515', 5, 'IUB', 'Rajshahi', true, NOW()),
('Emma Wilson', 'emma.wilson@example.com', 'hashed_pw16', '01716161616', 6, 'UIU', 'Dhaka', true, NOW()),
('James Brown', 'james.brown@example.com', 'hashed_pw17', '01717171717', 3, 'NSU', 'Chittagong', true, NOW()),
('Olivia Davis', 'olivia.davis@example.com', 'hashed_pw18', '01718181818', 4, 'BRACU', 'Sylhet', true, NOW()),
('William Taylor', 'william.taylor@example.com', 'hashed_pw19', '01719191919', 5, 'IUB', 'Rajshahi', true, NOW()),
('Sophia Martinez', 'sophia.martinez@example.com', 'hashed_pw20', '01720202020', 6, 'UIU', 'Dhaka', true, NOW());

-- Insert businesses (15 records)
INSERT INTO businesses (owner_id, business_name, business_type, description, is_verified, image, created_at) VALUES
(3, 'Charlie Electronics', 'Electronics', 'Premium gadgets and electronics', true, 'electronics.jpg', NOW()),
(8, 'Ahnaf Tech Solutions', 'Electronics', 'Tech gadgets and IT services', true, 'tech_solutions.jpg', NOW()),
(10, 'Abar Arlo Books', 'Education', 'Academic and fiction books', true, 'books.jpg', NOW()),
(5, 'Evan Food Corner', 'Food', 'Fast food and snacks', true, 'food_corner.jpg', NOW()),
(4, 'Diana Catering', 'Food', 'Event catering services', true, 'catering.jpg', NOW()),
(11, 'Ahnaf Atique Sports', 'Sports', 'Sports equipment and gear', true, 'sports.jpg', NOW()),
(7, 'Ahnaf Atique Fashion', 'Clothing', 'Trendy clothing for students', true, 'fashion.jpg', NOW()),
(12, 'Sarah Johnson Cafe', 'Food', 'Coffee and snacks', false, 'cafe.jpg', NOW()),
(13, 'Michael Chen Hardware', 'Hardware', 'Tools and DIY supplies', true, 'hardware.jpg', NOW()),
(14, 'Lisa Rodriguez Beauty', 'Beauty', 'Cosmetics and skincare', true, 'beauty.jpg', NOW()),
(15, 'David Kim Stationery', 'Education', 'Office and school supplies', true, 'stationery.jpg', NOW()),
(16, 'Emma Wilson Arts', 'Arts', 'Art supplies and crafts', false, 'arts.jpg', NOW()),
(17, 'James Brown Electronics', 'Electronics', 'Affordable electronics', true, 'electronics2.jpg', NOW()),
(18, 'Olivia Davis Bakery', 'Food', 'Fresh baked goods', true, 'bakery.jpg', NOW()),
(19, 'William Taylor Books', 'Education', 'Second-hand textbooks', true, 'textbooks.jpg', NOW());

-- Insert business products (20 records)
INSERT INTO business_products (business_id, product_name, description, price, stock_quantity, category, image, created_at) VALUES
(1, 'Smartphone X', 'Latest smartphone model', 25000.00, 15, 'Electronics', 'phone.jpg', NOW()),
(1, 'Wireless Earbuds', 'Noise cancelling', 3500.00, 30, 'Electronics', 'earbuds.jpg', NOW()),
(2, 'Laptop Pro', 'High-performance laptop', 80000.00, 8, 'Electronics', 'laptop.jpg', NOW()),
(2, 'Tablet Mini', 'Compact tablet device', 22000.00, 12, 'Electronics', 'tablet.jpg', NOW()),
(3, 'C Programming Book', 'Beginner-friendly guide', 500.00, 25, 'Books', 'c_book.jpg', NOW()),
(3, 'Data Structures Book', 'Advanced concepts', 700.00, 18, 'Books', 'ds_book.jpg', NOW()),
(4, 'Burger Meal', 'Beef burger with fries', 250.00, 50, 'Food', 'burger.jpg', NOW()),
(4, 'Chicken Wrap', 'Grilled chicken wrap', 180.00, 40, 'Food', 'wrap.jpg', NOW()),
(5, 'Party Platter', 'Assorted snacks for 10', 2500.00, 10, 'Food', 'platter.jpg', NOW()),
(6, 'Football', 'Professional quality', 1200.00, 15, 'Sports', 'football.jpg', NOW()),
(6, 'Basketball', 'Indoor/outdoor use', 1000.00, 12, 'Sports', 'basketball.jpg', NOW()),
(7, 'Summer Dress', 'Lightweight cotton', 1500.00, 10, 'Clothing', 'dress.jpg', NOW()),
(7, 'Denim Jeans', 'Comfortable fit', 2000.00, 15, 'Clothing', 'jeans.jpg', NOW()),
(8, 'Coffee Blend', 'Premium coffee beans', 300.00, 20, 'Food', 'coffee.jpg', NOW()),
(9, 'Tool Kit', '20-piece set', 3000.00, 8, 'Hardware', 'tools.jpg', NOW()),
(10, 'Makeup Set', '10-piece collection', 2200.00, 12, 'Beauty', 'makeup.jpg', NOW()),
(11, 'Notebook Pack', '5 quality notebooks', 250.00, 30, 'Stationery', 'notebooks.jpg', NOW()),
(12, 'Watercolor Set', '24-color palette', 800.00, 10, 'Arts', 'watercolor.jpg', NOW()),
(13, 'Headphones', 'Wireless headphones', 1500.00, 20, 'Electronics', 'headphones.jpg', NOW()),
(14, 'Chocolate Cake', 'Rich chocolate cake', 400.00, 15, 'Food', 'cake.jpg', NOW());

-- Insert business orders (20 records)
INSERT INTO business_orders (user_id, business_id, order_date, payment_method, status, total_amount, payment_status, created_at) VALUES
(5, 1, '2025-09-01 10:30:00', 'bkash', 'completed', 25000.00, 'paid', NOW()),
(6, 1, '2025-09-02 11:15:00', 'card', 'completed', 3500.00, 'paid', NOW()),
(7, 2, '2025-09-03 12:20:00', 'bkash', 'completed', 80000.00, 'paid', NOW()),
(8, 2, '2025-09-04 13:45:00', 'cash', 'pending', 22000.00, 'pending', NOW()),
(9, 3, '2025-09-05 14:30:00', 'bkash', 'completed', 500.00, 'paid', NOW()),
(10, 3, '2025-09-06 15:20:00', 'card', 'completed', 700.00, 'paid', NOW()),
(11, 4, '2025-09-07 16:10:00', 'cash', 'completed', 250.00, 'paid', NOW()),
(12, 4, '2025-09-08 17:05:00', 'bkash', 'completed', 180.00, 'paid', NOW()),
(13, 5, '2025-09-09 18:00:00', 'card', 'completed', 2500.00, 'paid', NOW()),
(14, 6, '2025-09-10 19:30:00', 'bkash', 'completed', 1200.00, 'paid', NOW()),
(15, 6, '2025-09-11 10:15:00', 'cash', 'pending', 1000.00, 'pending', NOW()),
(16, 7, '2025-09-12 11:20:00', 'bkash', 'completed', 1500.00, 'paid', NOW()),
(17, 7, '2025-09-13 12:25:00', 'card', 'completed', 2000.00, 'paid', NOW()),
(18, 8, '2025-09-14 13:30:00', 'cash', 'completed', 300.00, 'paid', NOW()),
(19, 9, '2025-09-15 14:35:00', 'bkash', 'completed', 3000.00, 'paid', NOW()),
(20, 10, '2025-09-16 15:40:00', 'card', 'completed', 2200.00, 'paid', NOW()),
(5, 11, '2025-09-17 16:45:00', 'bkash', 'completed', 250.00, 'paid', NOW()),
(6, 12, '2025-09-18 17:50:00', 'cash', 'pending', 800.00, 'pending', NOW()),
(7, 13, '2025-09-19 18:55:00', 'bkash', 'completed', 1500.00, 'paid', NOW()),
(8, 14, '2025-09-20 19:00:00', 'card', 'completed', 400.00, 'paid', NOW());

-- Insert business order items (20 records)
INSERT INTO business_order_items (order_id, product_id, quantity, price, terms_accepted) VALUES
(1, 1, 1, 25000.00, true),
(2, 2, 1, 3500.00, true),
(3, 3, 1, 80000.00, true),
(4, 4, 1, 22000.00, true),
(5, 5, 1, 500.00, true),
(6, 6, 1, 700.00, true),
(7, 7, 1, 250.00, true),
(8, 8, 1, 180.00, true),
(9, 9, 1, 2500.00, true),
(10, 10, 1, 1200.00, true),
(11, 11, 1, 1000.00, true),
(12, 12, 1, 1500.00, true),
(13, 13, 1, 2000.00, true),
(14, 14, 1, 300.00, true),
(15, 15, 1, 3000.00, true),
(16, 16, 1, 2200.00, true),
(17, 17, 1, 250.00, true),
(18, 18, 1, 800.00, true),
(19, 19, 1, 1500.00, true),
(20, 20, 1, 400.00, true);

-- Insert food vendors (15 records)
INSERT INTO food_vendors (user_id, shop_name, description, is_verified, applied_at) VALUES
(4, 'Diana Snacks', 'Homemade snacks and fast food', true, NOW()),
(5, 'Evan Food Stall', 'Student meals and drinks', false, NOW()),
(12, 'Sarah Cafe', 'Coffee and light meals', true, NOW()),
(14, 'Lisa Kitchen', 'Home cooked meals', true, NOW()),
(18, 'Olivia Bakery', 'Fresh baked goods', true, NOW()),
(7, 'Ahnaf Food Corner', 'Local delicacies', true, NOW()),
(9, 'Visti Food Point', 'Traditional dishes', false, NOW()),
(11, 'Ahnaf Atique Catering', 'Event catering', true, NOW()),
(13, 'Michael Eatery', 'Quick bites', true, NOW()),
(16, 'Emma Treats', 'Desserts and sweets', true, NOW()),
(19, 'William Bites', 'Snacks and beverages', false, NOW()),
(20, 'Sophia Delights', 'Healthy options', true, NOW()),
(8, 'Ahnaf Arabi Food', 'Middle Eastern cuisine', true, NOW()),
(10, 'Abar Arlo Cafe', 'Books and coffee', true, NOW()),
(15, 'David Quick Meals', 'Fast and affordable', true, NOW());

-- Insert food items (20 records)
INSERT INTO food_items (vendor_id, item_name, description, price, is_active, created_at) VALUES
(1, 'Burger', 'Cheesy beef burger', 250.00, true, NOW()),
(1, 'French Fries', 'Crispy fries', 100.00, true, NOW()),
(2, 'Student Meal', 'Rice with curry', 80.00, true, NOW()),
(3, 'Cappuccino', 'Premium coffee', 120.00, true, NOW()),
(3, 'Sandwich', 'Club sandwich', 180.00, true, NOW()),
(4, 'Chicken Curry', 'Spicy chicken curry', 150.00, true, NOW()),
(4, 'Naan Bread', 'Freshly baked', 30.00, true, NOW()),
(5, 'Chocolate Cake', 'Rich chocolate flavor', 200.00, true, NOW()),
(5, 'Croissant', 'Buttery pastry', 80.00, true, NOW()),
(6, 'Samosa', 'Spicy snack', 40.00, true, NOW()),
(6, 'Jalebi', 'Sweet dessert', 60.00, true, NOW()),
(7, 'Biriyani', 'Fragrant rice dish', 220.00, true, NOW()),
(7, 'Kebab', 'Grilled meat', 180.00, true, NOW()),
(8, 'Party Platter', 'Assorted snacks', 1200.00, true, NOW()),
(9, 'Pizza Slice', 'Cheesy slice', 150.00, true, NOW()),
(10, 'Ice Cream', 'Vanilla flavor', 100.00, true, NOW()),
(11, 'Cold Coffee', 'Iced coffee', 120.00, true, NOW()),
(12, 'Salad Bowl', 'Healthy greens', 180.00, true, NOW()),
(13, 'Shawarma', 'Middle Eastern wrap', 160.00, true, NOW()),
(14, 'Bookworm Special', 'Coffee + sandwich', 250.00, true, NOW());

-- Insert food orders (20 records)
INSERT INTO food_orders (user_id, vendor_id, order_date, order_placed_at, status) VALUES
(5, 1, '2025-09-01', NOW(), 'pending'),
(6, 1, '2025-09-01', NOW(), 'confirmed'),
(7, 2, '2025-09-02', NOW(), 'completed'),
(8, 2, '2025-09-02', NOW(), 'pending'),
(9, 3, '2025-09-03', NOW(), 'confirmed'),
(10, 3, '2025-09-03', NOW(), 'completed'),
(11, 4, '2025-09-04', NOW(), 'pending'),
(12, 4, '2025-09-04', NOW(), 'confirmed'),
(13, 5, '2025-09-05', NOW(), 'completed'),
(14, 5, '2025-09-05', NOW(), 'pending'),
(15, 6, '2025-09-06', NOW(), 'confirmed'),
(16, 6, '2025-09-06', NOW(), 'completed'),
(17, 7, '2025-09-07', NOW(), 'pending'),
(18, 7, '2025-09-07', NOW(), 'confirmed'),
(19, 8, '2025-09-08', NOW(), 'completed'),
(20, 8, '2025-09-08', NOW(), 'pending'),
(5, 9, '2025-09-09', NOW(), 'confirmed'),
(6, 9, '2025-09-09', NOW(), 'completed'),
(7, 10, '2025-09-10', NOW(), 'pending'),
(8, 10, '2025-09-10', NOW(), 'confirmed');

-- Insert food order items (20 records)
INSERT INTO food_order_items (order_id, food_item_id, quantity) VALUES
(1, 1, 2),
(2, 2, 1),
(3, 3, 3),
(4, 4, 1),
(5, 5, 2),
(6, 6, 1),
(7, 7, 2),
(8, 8, 1),
(9, 9, 3),
(10, 10, 2),
(11, 11, 1),
(12, 12, 2),
(13, 13, 1),
(14, 14, 3),
(15, 15, 2),
(16, 16, 1),
(17, 17, 2),
(18, 18, 1),
(19, 19, 3),
(20, 20, 2);

-- Insert secondhand items (20 records)
INSERT INTO secondhand_items (seller_id, category_id, item_name, description, price, condition, terms_conditions, is_active, posted_at) VALUES
(5, 1, 'Used Phone', 'Slightly used, good condition', 8000.00, 'Good', 'No warranty', true, NOW()),
(6, 2, 'Old Book', 'Classic novel', 200.00, 'Fair', 'Non-refundable', true, NOW()),
(7, 3, 'Study Table', 'Wooden table', 1500.00, 'Good', 'Pickup only', true, NOW()),
(8, 4, 'Jacket', 'Winter jacket', 800.00, 'Like new', 'No returns', true, NOW()),
(9, 5, 'Football', 'Used few times', 600.00, 'Good', 'First come first serve', true, NOW()),
(10, 6, 'Calculator', 'Scientific calculator', 700.00, 'Excellent', 'Works perfectly', true, NOW()),
(11, 7, 'Blender', 'Kitchen blender', 1200.00, 'Good', 'Test before buying', true, NOW()),
(12, 8, 'Bicycle', 'Mountain bike', 5000.00, 'Fair', 'Needs tuning', true, NOW()),
(13, 9, 'Guitar', 'Acoustic guitar', 3500.00, 'Good', 'With case', true, NOW()),
(14, 10, 'Textbooks', 'Engineering books', 1500.00, 'Good', 'Bundle price', true, NOW()),
(15, 11, 'Notebooks', 'Unused notebooks', 300.00, 'New', 'Bundle deal', true, NOW()),
(16, 12, 'Misc Items', 'Various items', 500.00, 'Mixed', 'See to believe', true, NOW()),
(17, 1, 'Headphones', 'Wireless headphones', 1200.00, 'Good', 'Works well', true, NOW()),
(18, 2, 'Novel Collection', '3 novels', 400.00, 'Good', 'Set price', true, NOW()),
(19, 3, 'Chair', 'Office chair', 800.00, 'Fair', 'Pickup only', true, NOW()),
(20, 4, 'Shoes', 'Sports shoes', 600.00, 'Good', 'Size 9', true, NOW()),
(5, 5, 'Cricket Bat', 'Professional bat', 1500.00, 'Good', 'Hardly used', true, NOW()),
(6, 6, 'Phone Case', 'Protective case', 200.00, 'New', 'Fits iPhone', true, NOW()),
(7, 7, 'Microwave', 'Kitchen microwave', 2500.00, 'Good', 'Works perfectly', true, NOW()),
(8, 8, 'Scooter', 'Electric scooter', 8000.00, 'Fair', 'Battery needs replacement', true, NOW());

-- Insert secondhand orders (20 records)
INSERT INTO secondhand_orders (buyer_id, item_id, order_date, status) VALUES
(6, 1, NOW(), 'pending'),
(7, 2, NOW(), 'completed'),
(8, 3, NOW(), 'pending'),
(9, 4, NOW(), 'completed'),
(10, 5, NOW(), 'pending'),
(11, 6, NOW(), 'completed'),
(12, 7, NOW(), 'pending'),
(13, 8, NOW(), 'completed'),
(14, 9, NOW(), 'pending'),
(15, 10, NOW(), 'completed'),
(16, 11, NOW(), 'pending'),
(17, 12, NOW(), 'completed'),
(18, 13, NOW(), 'pending'),
(19, 14, NOW(), 'completed'),
(20, 15, NOW(), 'pending'),
(5, 16, NOW(), 'completed'),
(6, 17, NOW(), 'pending'),
(7, 18, NOW(), 'completed'),
(8, 19, NOW(), 'pending'),
(9, 20, NOW(), 'completed');

-- Insert rental products (20 records)
INSERT INTO rental_products (owner_id, category_id, product_name, description, rent_per_day, available_from, terms_conditions, is_active) VALUES
(5, 3, 'Bike for Rent', 'Daily rental bike', 300.00, '2025-09-10', 'Damage charges apply', true),
(6, 4, 'Camera for Rent', 'DSLR camera rental', 1000.00, '2025-09-12', 'Deposit required', true),
(7, 1, 'Projector', 'HD projector', 500.00, '2025-09-15', 'Handle with care', true),
(8, 5, 'Tent', 'Camping tent', 400.00, '2025-09-18', 'Return clean', true),
(9, 6, 'Power Bank', 'High capacity', 50.00, '2025-09-20', 'Return fully charged', true),
(10, 7, 'Mixer', 'Kitchen mixer', 200.00, '2025-09-22', 'Test before renting', true),
(11, 8, 'Gaming Console', 'PS5 console', 800.00, '2025-09-25', 'Handle with care', true),
(12, 9, 'Microphone', 'Recording mic', 300.00, '2025-09-28', 'Professional use', true),
(13, 10, 'Textbooks', 'Semester rental', 100.00, '2025-10-01', 'No highlighting', true),
(14, 11, 'Printer', 'Color printer', 400.00, '2025-10-05', 'Paper not included', true),
(15, 12, 'Drone', 'Camera drone', 1200.00, '2025-10-10', 'Expert use only', true),
(16, 1, 'Laptop', 'Gaming laptop', 700.00, '2025-10-15', 'Handle with care', true),
(17, 2, 'Camera Lens', 'Telephoto lens', 600.00, '2025-10-20', 'Professional use', true),
(18, 3, 'Bicycle', 'Mountain bike', 350.00, '2025-10-25', 'Helmet included', true),
(19, 4, 'VR Headset', 'Virtual reality', 500.00, '2025-10-30', 'Handle with care', true),
(20, 5, 'Camping Gear', 'Full set', 800.00, '2025-11-05', 'Return clean', true),
(5, 6, 'Calculator', 'Scientific', 60.00, '2025-11-10', 'Exam use', true),
(6, 7, 'Vacuum Cleaner', 'Powerful suction', 250.00, '2025-11-15', 'Return clean', true),
(7, 8, 'Board Games', 'Collection', 200.00, '2025-11-20', 'Complete set', true),
(8, 9, 'Musical Keyboard', '61 keys', 400.00, '2025-11-25', 'Handle with care', true);

-- Insert rental orders (20 records)
INSERT INTO rental_orders (renter_id, rental_id, start_date, end_date, status, created_at) VALUES
(6, 1, '2025-09-12', '2025-09-14', 'confirmed', NOW()),
(7, 2, '2025-09-13', '2025-09-15', 'pending', NOW()),
(8, 3, '2025-09-16', '2025-09-18', 'confirmed', NOW()),
(9, 4, '2025-09-19', '2025-09-21', 'pending', NOW()),
(10, 5, '2025-09-21', '2025-09-23', 'confirmed', NOW()),
(11, 6, '2025-09-23', '2025-09-25', 'pending', NOW()),
(12, 7, '2025-09-26', '2025-09-28', 'confirmed', NOW()),
(13, 8, '2025-09-29', '2025-10-01', 'pending', NOW()),
(14, 9, '2025-10-02', '2025-10-05', 'confirmed', NOW()),
(15, 10, '2025-10-06', '2025-10-08', 'pending', NOW()),
(16, 11, '2025-10-11', '2025-10-13', 'confirmed', NOW()),
(17, 12, '2025-10-16', '2025-10-18', 'pending', NOW()),
(18, 13, '2025-10-21', '2025-10-23', 'confirmed', NOW()),
(19, 14, '2025-10-26', '2025-10-28', 'pending', NOW()),
(20, 15, '2025-10-31', '2025-11-02', 'confirmed', NOW()),
(5, 16, '2025-11-06', '2025-11-08', 'pending', NOW()),
(6, 17, '2025-11-11', '2025-11-13', 'confirmed', NOW()),
(7, 18, '2025-11-16', '2025-11-18', 'pending', NOW()),
(8, 19, '2025-11-21', '2025-11-23', 'confirmed', NOW()),
(9, 20, '2025-11-26', '2025-11-28', 'pending', NOW());

-- Insert accommodation properties (20 records)
INSERT INTO accommodation_properties (owner_id, property_type, title, description, location, area, rent_amount, deposit_amount, property_size, amenities, available_from, is_available, is_verified, contact_phone, contact_email, created_at) VALUES
(3, 'apartment', '2 BHK Apartment', 'Spacious flat near campus', 'Dhaka', 'Dhanmondi', 15000.00, 5000.00, '2 bed, 1 bath', '{"WiFi","Water","Electricity"}', '2025-09-15', true, true, '01777777777', 'owner@example.com', NOW()),
(5, 'apartment', '1 BHK Flat', 'Compact apartment for students', 'Dhaka', 'Mirpur', 10000.00, 3000.00, '1 bed, 1 bath', '{"WiFi","Water"}', '2025-09-20', true, false, '01755555555', 'evan@example.com', NOW()),
(7, 'shared', 'Shared Room', 'Room in shared apartment', 'Dhaka', 'Gulshan', 8000.00, 2000.00, '1 bed, shared bath', '{"WiFi","Water","Electricity"}', '2025-09-25', true, true, '01983144814', 'ahnaf@example.com', NOW()),
(9, 'apartment', '3 BHK Luxury', 'Luxury apartment with view', 'Dhaka', 'Banani', 25000.00, 10000.00, '3 bed, 2 bath', '{"WiFi","Water","Electricity","AC","Furniture"}', '2025-10-01', true, true, '01682310315', 'visti@example.com', NOW()),
(11, 'shared', 'Girls Hostel', 'Safe accommodation for female students', 'Dhaka', 'Uttara', 7000.00, 2000.00, '1 bed, shared bath', '{"WiFi","Water","Security"}', '2025-10-05', true, true, '01983144814', 'ahnaf2@example.com', NOW()),
(13, 'apartment', 'Studio Apartment', 'Compact studio apartment', 'Chittagong', 'Agrabad', 12000.00, 4000.00, 'Studio', '{"WiFi","Water","Electricity"}', '2025-10-10', true, false, '01713131313', 'michael@example.com', NOW()),
(15, 'shared', 'Boys Hostel', 'Affordable hostel for students', 'Sylhet', 'Bandarbazar', 6000.00, 1500.00, '1 bed, shared bath', '{"WiFi","Water"}', '2025-10-15', true, true, '01715151515', 'david@example.com', NOW()),
(17, 'apartment', '2 BHK Furnished', 'Fully furnished apartment', 'Rajshahi', 'Shaheb Bazar', 11000.00, 3500.00, '2 bed, 1 bath', '{"WiFi","Water","Electricity","Furniture"}', '2025-10-20', true, true, '01717171717', 'james@example.com', NOW()),
(19, 'apartment', '1 BHK Near University', 'Close to campus', 'Dhaka', 'Nilkhet', 9000.00, 3000.00, '1 bed, 1 bath', '{"WiFi","Water"}', '2025-10-25', true, false, '01719191919', 'william@example.com', NOW()),
(6, 'shared', 'Shared Apartment', 'Room in 3BHK apartment', 'Dhaka', 'Mohammadpur', 7500.00, 2000.00, '1 bed, shared bath', '{"WiFi","Water","Electricity"}', '2025-10-30', true, true, '01766666666', 'fiona@example.com', NOW()),
(8, 'apartment', 'Luxury 2 BHK', 'High-end apartment', 'Dhaka', 'Baridhara', 30000.00, 12000.00, '2 bed, 2 bath', '{"WiFi","Water","Electricity","AC","Furniture","Gym"}', '2025-11-05', true, true, '01983144814', 'ahnafarabi@example.com', NOW()),
(10, 'shared', 'Student Accommodation', 'Budget-friendly for students', 'Dhaka', 'Azimpur', 6500.00, 1500.00, '1 bed, shared bath', '{"WiFi","Water"}', '2025-11-10', true, false, '01842049477', 'abar@example.com', NOW()),
(12, 'apartment', '1 BHK Compact', 'Small but functional', 'Chittagong', 'Chawkbazar', 8500.00, 2500.00, '1 bed, 1 bath', '{"WiFi","Water","Electricity"}', '2025-11-15', true, true, '01712121212', 'sarah@example.com', NOW()),
(14, 'shared', 'PG Accommodation', 'Paying guest facility', 'Sylhet', 'Zindabazar', 7000.00, 2000.00, '1 bed, shared bath', '{"WiFi","Water","Meals"}', '2025-11-20', true, true, '01714141414', 'lisa@example.com', NOW()),
(16, 'apartment', '2 BHK Family', 'Family-friendly apartment', 'Rajshahi', 'Boalia', 13000.00, 4000.00, '2 bed, 1 bath', '{"WiFi","Water","Electricity"}', '2025-11-25', true, false, '01716161616', 'emma@example.com', NOW()),
(18, 'shared', 'Girls PG', 'Safe for female students', 'Dhaka', 'Malibagh', 8000.00, 2500.00, '1 bed, shared bath', '{"WiFi","Water","Security","Meals"}', '2025-11-30', true, true, '01718181818', 'olivia@example.com', NOW()),
(20, 'apartment', '3 BHK Spacious', 'Large apartment for group', 'Dhaka', 'Bashundhara', 22000.00, 8000.00, '3 bed, 2 bath', '{"WiFi","Water","Electricity","Furniture"}', '2025-12-05', true, true, '01720202020', 'sophia@example.com', NOW()),
(5, 'shared', 'Boys PG', 'Affordable for male students', 'Chittagong', 'Pahartali', 6000.00, 1500.00, '1 bed, shared bath', '{"WiFi","Water"}', '2025-12-10', true, false, '01755555555', 'evan2@example.com', NOW()),
(7, 'apartment', '1 BHK Modern', 'Recently renovated', 'Sylhet', 'Kumarpara', 9500.00, 3000.00, '1 bed, 1 bath', '{"WiFi","Water","Electricity","Furniture"}', '2025-12-15', true, true, '01983144814', 'ahnaf3@example.com', NOW()),
(9, 'shared', 'Student Hostel', 'Near university campus', 'Rajshahi', 'Rajpara', 5500.00, 1500.00, '1 bed, shared bath', '{"WiFi","Water"}', '2025-12-20', true, true, '01682310315', 'visti2@example.com', NOW());

-- Insert accommodation images (20 records)
INSERT INTO accommodation_images (property_id, image_url, is_primary) VALUES
(1, 'apartment1_1.jpg', true),
(1, 'apartment1_2.jpg', false),
(2, 'apartment2_1.jpg', true),
(3, 'shared1_1.jpg', true),
(4, 'luxury1_1.jpg', true),
(4, 'luxury1_2.jpg', false),
(5, 'hostel1_1.jpg', true),
(6, 'studio1_1.jpg', true),
(7, 'hostel2_1.jpg', true),
(8, 'furnished1_1.jpg', true),
(8, 'furnished1_2.jpg', false),
(9, 'nearuni1_1.jpg', true),
(10, 'shared2_1.jpg', true),
(11, 'luxury2_1.jpg', true),
(11, 'luxury2_2.jpg', false),
(12, 'student1_1.jpg', true),
(13, 'compact1_1.jpg', true),
(14, 'pg1_1.jpg', true),
(15, 'family1_1.jpg', true),
(16, 'girlspg1_1.jpg', true);

-- Insert accommodation inquiries (20 records)
INSERT INTO accommodation_inquiries (property_id, inquirer_id, message, contact_phone, preferred_date, status, created_at) VALUES
(1, 6, 'Interested in visiting this weekend', '01766666666', '2025-09-11', 'pending', NOW()),
(2, 7, 'Is this available for long term?', '01983144814', '2025-09-12', 'pending', NOW()),
(3, 8, 'Can I see the room tomorrow?', '01983144814', '2025-09-13', 'confirmed', NOW()),
(4, 9, 'What floor is the apartment on?', '01682310315', '2025-09-14', 'pending', NOW()),
(5, 10, 'Is there 24/7 security?', '01842049477', '2025-09-15', 'confirmed', NOW()),
(6, 11, 'Are utilities included in rent?', '01983144814', '2025-09-16', 'pending', NOW()),
(7, 12, 'What is the exact address?', '01712121212', '2025-09-17', 'confirmed', NOW()),
(8, 13, 'Is parking available?', '01713131313', '2025-09-18', 'pending', NOW()),
(9, 14, 'Can I move in next week?', '01714141414', '2025-09-19', 'confirmed', NOW()),
(10, 15, 'Are there any additional fees?', '01715151515', '2025-09-20', 'pending', NOW()),
(11, 16, 'Is the apartment furnished?', '01716161616', '2025-09-21', 'confirmed', NOW()),
(12, 17, 'What is the policy on guests?', '01717171717', '2025-09-22', 'pending', NOW()),
(13, 18, 'Is the location safe?', '01718181818', '2025-09-23', 'confirmed', NOW()),
(14, 19, 'Are meals included?', '01719191919', '2025-09-24', 'pending', NOW()),
(15, 20, 'What is the lease duration?', '01720202020', '2025-09-25', 'confirmed', NOW()),
(16, 5, 'Is there public transport nearby?', '01755555555', '2025-09-26', 'pending', NOW()),
(17, 6, 'Can I pay rent online?', '01766666666', '2025-09-27', 'confirmed', NOW()),
(18, 7, 'Are pets allowed?', '01983144814', '2025-09-28', 'pending', NOW()),
(19, 8, 'What is the policy on deposits?', '01983144814', '2025-09-29', 'confirmed', NOW()),
(20, 9, 'Is there a curfew?', '01682310315', '2025-09-30', 'pending', NOW());

-- Insert free marketplace items (20 records)
INSERT INTO free_marketplace_items (giver_id, category_id, item_name, description, condition_note, pickup_location, contact_info, is_available, posted_at) VALUES
(5, 2, 'Old Textbooks', 'Free for juniors', 'Slightly used', 'UIU Campus', '01755555555', true, NOW()),
(6, 4, 'Clothes', 'Gently used clothes', 'Good condition', 'NSU Campus', '01766666666', true, NOW()),
(7, 3, 'Furniture', 'Desk and chair', 'Needs minor repair', 'BRACU Campus', '01983144814', true, NOW()),
(8, 1, 'Electronics', 'Old calculator and cables', 'Working condition', 'IUB Campus', '01983144814', true, NOW()),
(9, 5, 'Sports Equipment', 'Used football', 'Still usable', 'UIU Campus', '01682310315', true, NOW()),
(10, 6, 'Accessories', 'Phone cases and cables', 'Various conditions', 'NSU Campus', '01842049477', true, NOW()),
(11, 7, 'Kitware', 'Pots and pans', 'Good condition', 'BRACU Campus', '01983144814', true, NOW()),
(12, 8, 'Bicycle', 'Old bicycle', 'Needs tuning', 'IUB Campus', '01712121212', true, NOW()),
(13, 9, 'Music Items', 'Old guitar', 'Needs new strings', 'UIU Campus', '01713131313', true, NOW()),
(14, 10, 'Study Materials', 'Notes and books', 'From previous semester', 'NSU Campus', '01714141414', true, NOW()),
(15, 11, 'Stationery', 'Pens and notebooks', 'Partially used', 'BRACU Campus', '01715151515', true, NOW()),
(16, 12, 'Misc Items', 'Various household items', 'Free to good home', 'IUB Campus', '01716161616', true, NOW()),
(17, 1, 'Old Phone', 'Outdated smartphone', 'Works but slow', 'UIU Campus', '01717171717', true, NOW()),
(18, 2, 'Books', 'Fiction novels', 'Good condition', 'NSU Campus', '01718181818', true, NOW()),
(19, 3, 'Small Table', 'Bedside table', 'Slightly worn', 'BRACU Campus', '01719191919', true, NOW()),
(20, 4, 'Shoes', 'Sports shoes', 'Size 8, used', 'IUB Campus', '01720202020', true, NOW()),
(5, 5, 'Tennis Racket', 'Old but usable', 'Needs restringing', 'UIU Campus', '01755555555', true, NOW()),
(6, 6, 'Phone Charger', 'Various cables', 'Working condition', 'NSU Campus', '01766666666', true, NOW()),
(7, 7, 'Kitchen Items', 'Plates and utensils', 'Good condition', 'BRACU Campus', '01983144814', true, NOW()),
(8, 8, 'Skateboard', 'Old skateboard', 'Needs new wheels', 'IUB Campus', '01983144814', true, NOW());

-- Insert free marketplace requests (20 records)
INSERT INTO free_marketplace_requests (item_id, requester_id, message, status, created_at) VALUES
(1, 6, 'Can I pick these up tomorrow?', 'pending', NOW()),
(2, 7, 'Interested in the clothes', 'approved', NOW()),
(3, 8, 'When can I see the furniture?', 'pending', NOW()),
(4, 9, 'I need a calculator', 'approved', NOW()),
(5, 10, 'Can I get the football?', 'pending', NOW()),
(6, 11, 'I need phone accessories', 'approved', NOW()),
(7, 12, 'Interested in kitchen items', 'pending', NOW()),
(8, 13, 'I need a bicycle', 'approved', NOW()),
(9, 14, 'Is the guitar still available?', 'pending', NOW()),
(10, 15, 'I need study materials', 'approved', NOW()),
(11, 16, 'Interested in stationery', 'pending', NOW()),
(12, 17, 'I can take misc items', 'approved', NOW()),
(13, 18, 'Need a backup phone', 'pending', NOW()),
(14, 19, 'Interested in books', 'approved', NOW()),
(15, 20, 'I need a table', 'pending', NOW()),
(16, 5, 'Do the shoes fit size 8?', 'approved', NOW()),
(17, 6, 'I need a tennis racket', 'pending', NOW()),
(18, 7, 'Need charging cables', 'approved', NOW()),
(19, 8, 'Interested in kitchen items', 'pending', NOW()),
(20, 9, 'Is the skateboard available?', 'approved', NOW());

-- Insert free marketplace favorites (20 records)
INSERT INTO free_marketplace_favorites (user_id, item_id, created_at) VALUES
(5, 1, NOW()),
(6, 2, NOW()),
(7, 3, NOW()),
(8, 4, NOW()),
(9, 5, NOW()),
(10, 6, NOW()),
(11, 7, NOW()),
(12, 8, NOW()),
(13, 9, NOW()),
(14, 10, NOW()),
(15, 11, NOW()),
(16, 12, NOW()),
(17, 13, NOW()),
(18, 14, NOW()),
(19, 15, NOW()),
(20, 16, NOW()),
(5, 17, NOW()),
(6, 18, NOW()),
(7, 19, NOW()),
(8, 20, NOW());

-- Insert lost found items (20 records)
INSERT INTO lost_found_items (user_id, item_type, title, description, location, contact_info, is_claimed, created_at) VALUES
(5, 'lost', 'Lost Wallet', 'Black leather wallet', 'Campus Gate', '01755555555', false, NOW()),
(6, 'found', 'Found Umbrella', 'Blue umbrella near canteen', 'UIU Canteen', '01766666666', false, NOW()),
(7, 'lost', 'Lost Keys', 'Keychain with 4 keys', 'Library', '01983144814', true, NOW()),
(8, 'found', 'Found Water Bottle', 'Blue water bottle', 'Classroom 302', '01983144814', false, NOW()),
(9, 'lost', 'Lost Glasses', 'Black frame glasses', 'Auditorium', '01682310315', false, NOW()),
(10, 'found', 'Found Notebook', 'Physics notes inside', 'Cafeteria', '01842049477', true, NOW()),
(11, 'lost', 'Lost Phone', 'iPhone with blue case', 'Parking Lot', '01983144814', false, NOW()),
(12, 'found', 'Found Bag', 'Small black backpack', 'Computer Lab', '01712121212', false, NOW()),
(13, 'lost', 'Lost Calculator', 'Scientific calculator', 'Math Department', '01713131313', true, NOW()),
(14, 'found', 'Found Jacket', 'Red hoodie jacket', 'Sports Complex', '01714141414', false, NOW()),
(15, 'lost', 'Lost ID Card', 'Student ID card', 'Admin Building', '01715151515', false, NOW()),
(16, 'found', 'Found Watch', 'Silver wristwatch', 'Library', '01716161616', true, NOW()),
(17, 'lost', 'Lost Book', 'Chemistry textbook', 'Science Building', '01717171717', false, NOW()),
(18, 'found', 'Found Earphones', 'Wireless earphones', 'Bus Stop', '01718181818', false, NOW()),
(19, 'lost', 'Lost Charger', 'Phone charger', 'Cafe', '01719191919', true, NOW()),
(20, 'found', 'Found Gloves', 'Black winter gloves', 'Parking Area', '01720202020', false, NOW()),
(5, 'lost', 'Lost Pen Drive', '32GB USB drive', 'Computer Lab', '01755555555', false, NOW()),
(6, 'found', 'Found Scarf', 'Green knitted scarf', 'Library', '01766666666', true, NOW()),
(7, 'lost', 'Lost Ring', 'Silver ring with stone', 'Garden Area', '01983144814', false, NOW()),
(8, 'found', 'Found Lunch Box', 'Blue lunch container', 'Cafeteria', '01983144814', false, NOW());

-- Insert notices (20 records)
INSERT INTO notices (posted_by, title, content, category, is_pinned, created_at) VALUES
(1, 'System Maintenance', 'Platform will be down tonight.', 'Technical', true, NOW()),
(2, 'Event Announcement', 'Cultural fest next week!', 'Events', false, NOW()),
(3, 'New Features', 'Check out our latest updates.', 'Update', true, NOW()),
(4, 'Food Festival', 'Food vendors offering special discounts.', 'Events', false, NOW()),
(5, 'Academic Calendar', 'Important dates for the semester.', 'Academic', true, NOW()),
(6, 'Job Opportunity', 'Part-time positions available.', 'Career', false, NOW()),
(7, 'Weather Alert', 'Heavy rain expected tomorrow.', 'Alert', true, NOW()),
(8, 'Scholarship Program', 'Applications open for scholarships.', 'Academic', false, NOW()),
(9, 'Campus Cleanup', 'Volunteers needed for campus cleanup.', 'Community', false, NOW()),
(10, 'Exam Schedule', 'Final exam schedule posted.', 'Academic', true, NOW()),
(11, 'Transportation Changes', 'Bus schedule updates.', 'Announcement', false, NOW()),
(12, 'Guest Lecture', 'Industry expert speaking on Friday.', 'Academic', false, NOW()),
(13, 'Holiday Notice', 'University closed next Monday.', 'Announcement', true, NOW()),
(14, 'Workshop Registration', 'Sign up for coding workshop.', 'Events', false, NOW()),
(15, 'Library Hours', Extended library hours during exams.', 'Academic', false, NOW()),
(16, 'Sports Tournament', 'Inter-university competition.', 'Events', false, NOW()),
(17, 'Fee Payment', 'Last date for fee payment approaching.', 'Academic', true, NOW()),
(18, 'Research Opportunity', 'Participate in research study.', 'Academic', false, NOW()),
(19, 'Cultural Night', 'Annual cultural night event.', 'Events', false, NOW()),
(20, 'System Update', 'New features added to platform.', 'Update', true, NOW());

-- Insert wallets for all users (20 records)
INSERT INTO wallets (user_id, balance, created_at) VALUES
(1, 5000.00, NOW()),
(2, 3000.00, NOW()),
(3, 10000.00, NOW()),
(4, 2500.00, NOW()),
(5, 1500.00, NOW()),
(6, 2000.00, NOW()),
(7, 3500.00, NOW()),
(8, 4000.00, NOW()),
(9, 2800.00, NOW()),
(10, 3200.00, NOW()),
(11, 4500.00, NOW()),
(12, 1800.00, NOW()),
(13, 2200.00, NOW()),
(14, 3000.00, NOW()),
(15, 2700.00, NOW()),
(16, 1900.00, NOW()),
(17, 2600.00, NOW()),
(18, 3300.00, NOW()),
(19, 2100.00, NOW()),
(20, 2900.00, NOW());

-- Insert transactions (20 records)
INSERT INTO transactions (wallet_id, amount, transaction_type, status, description, user_id, payment_method, reference_number, created_at) VALUES
(1, 500.00, 'deposit', 'completed', 'Wallet recharge', 1, 'bkash', 'TXN1001', NOW()),
(2, 300.00, 'deposit', 'completed', 'Wallet recharge', 2, 'card', 'TXN1002', NOW()),
(3, 1000.00, 'deposit', 'completed', 'Wallet recharge', 3, 'bkash', 'TXN1003', NOW()),
(4, 250.00, 'deposit', 'completed', 'Wallet recharge', 4, 'cash', 'TXN1004', NOW()),
(5, 150.00, 'deposit', 'completed', 'Wallet recharge', 5, 'bkash', 'TXN1005', NOW()),
(6, 200.00, 'deposit', 'completed', 'Wallet recharge', 6, 'card', 'TXN1006', NOW()),
(7, 350.00, 'deposit', 'completed', 'Wallet recharge', 7, 'bkash', 'TXN1007', NOW()),
(8, 400.00, 'deposit', 'completed', 'Wallet recharge', 8, 'cash', 'TXN1008', NOW()),
(9, 280.00, 'deposit', 'completed', 'Wallet recharge', 9, 'bkash', 'TXN1009', NOW()),
(10, 320.00, 'deposit', 'completed', 'Wallet recharge', 10, 'card', 'TXN1010', NOW()),
(11, 450.00, 'deposit', 'completed', 'Wallet recharge', 11, 'bkash', 'TXN1011', NOW()),
(12, 180.00, 'deposit', 'completed', 'Wallet recharge', 12, 'cash', 'TXN1012', NOW()),
(13, 220.00, 'deposit', 'completed', 'Wallet recharge', 13, 'bkash', 'TXN1013', NOW()),
(14, 300.00, 'deposit', 'completed', 'Wallet recharge', 14, 'card', 'TXN1014', NOW()),
(15, 270.00, 'deposit', 'completed', 'Wallet recharge', 15, 'bkash', 'TXN1015', NOW()),
(16, 190.00, 'deposit', 'completed', 'Wallet recharge', 16, 'cash', 'TXN1016', NOW()),
(17, 260.00, 'deposit', 'completed', 'Wallet recharge', 17, 'bkash', 'TXN1017', NOW()),
(18, 330.00, 'deposit', 'completed', 'Wallet recharge', 18, 'card', 'TXN1018', NOW()),
(19, 210.00, 'deposit', 'completed', 'Wallet recharge', 19, 'bkash', 'TXN1019', NOW()),
(20, 290.00, 'deposit', 'completed', 'Wallet recharge', 20, 'cash', 'TXN1020', NOW());

-- Insert payments (20 records)
INSERT INTO payments (buyer_id, seller_id, product_id, amount, payment_method, platform_fee, status, transaction_reference, created_at) VALUES
(5, 3, 1, 25000.00, 'bkash', 100.00, 'success', 'TXN12345', NOW()),
(6, 3, 2, 3500.00, 'card', 50.00, 'success', 'TXN12346', NOW()),
(7, 8, 3, 80000.00, 'bkash', 200.00, 'success', 'TXN12347', NOW()),
(8, 8, 4, 22000.00, 'cash', 100.00, 'pending', 'TXN12348', NOW()),
(9, 10, 5, 500.00, 'bkash', 25.00, 'success', 'TXN12349', NOW()),
(10, 10, 6, 700.00, 'card', 35.00, 'success', 'TXN12350', NOW()),
(11, 4, 7, 250.00, 'cash', 12.50, 'success', 'TXN12351', NOW()),
(12, 4, 8, 180.00, 'bkash', 9.00, 'success', 'TXN12352', NOW()),
(13, 5, 9, 2500.00, 'card', 125.00, 'success', 'TXN12353', NOW()),
(14, 11, 10, 1200.00, 'bkash', 60.00, 'success', 'TXN12354', NOW()),
(15, 11, 11, 1000.00, 'cash', 50.00, 'pending', 'TXN12355', NOW()),
(16, 7, 12, 1500.00, 'bkash', 75.00, 'success', 'TXN12356', NOW()),
(17, 7, 13, 2000.00, 'card', 100.00, 'success', 'TXN12357', NOW()),
(18, 12, 14, 300.00, 'cash', 15.00, 'success', 'TXN12358', NOW()),
(19, 13, 15, 3000.00, 'bkash', 150.00, 'success', 'TXN12359', NOW()),
(20, 14, 16, 2200.00, 'card', 110.00, 'success', 'TXN12360', NOW()),
(5, 15, 17, 250.00, 'bkash', 12.50, 'success', 'TXN12361', NOW()),
(6, 16, 18, 800.00, 'cash', 40.00, 'pending', 'TXN12362', NOW()),
(7, 17, 19, 1500.00, 'bkash', 75.00, 'success', 'TXN12363', NOW()),
(8, 18, 20, 400.00, 'card', 20.00, 'success', 'TXN12364', NOW());

-- Insert user statistics (20 records)
INSERT INTO user_statistics (user_id, login_count, last_login, total_purchases, total_sales, items_posted, updated_at) VALUES
(1, 20, NOW(), 5000.00, 0.00, 0, NOW()),
(2, 15, NOW(), 3000.00, 0.00, 0, NOW()),
(3, 25, NOW(), 8000.00, 15000.00, 10, NOW()),
(4, 18, NOW(), 2000.00, 5000.00, 8, NOW()),
(5, 22, NOW(), 6000.00, 3000.00, 12, NOW()),
(6, 19, NOW(), 4500.00, 4000.00, 9, NOW()),
(7, 30, NOW(), 7000.00, 6000.00, 15, NOW()),
(8, 16, NOW(), 3500.00, 2500.00, 7, NOW()),
(9, 21, NOW(), 5500.00, 2000.00, 11, NOW()),
(10, 17, NOW(), 4000.00, 3500.00, 8, NOW()),
(11, 28, NOW(), 9000.00, 7000.00, 14, NOW()),
(12, 14, NOW(), 2500.00, 1500.00, 6, NOW()),
(13, 23, NOW(), 6500.00, 3000.00, 12, NOW()),
(14, 19, NOW(), 3800.00, 2800.00, 9, NOW()),
(15, 26, NOW(), 7200.00, 4500.00, 13, NOW()),
(16, 15, NOW(), 2900.00, 1800.00, 7, NOW()),
(17, 24, NOW(), 6800.00, 3800.00, 12, NOW()),
(18, 20, NOW(), 4200.00, 3200.00, 10, NOW()),
(19, 17, NOW(), 3100.00, 2100.00, 8, NOW()),
(20, 22, NOW(), 5900.00, 2900.00, 11, NOW());

-- Insert admin logs (20 records)
INSERT INTO admin_logs (admin_id, action, target_type, target_id, description, created_at) VALUES
(1, 'Verified Business', 'business', 1, 'Business verified by admin', NOW()),
(2, 'Approved Food Vendor', 'food_vendor', 1, 'Vendor approved after review', NOW()),
(1, 'Updated User Role', 'user', 5, 'Changed user role to student', NOW()),
(2, 'Rejected Business', 'business', 8, 'Incomplete documentation', NOW()),
(1, 'Blocked User', 'user', 10, 'Violation of terms', NOW()),
(2, 'Verified Food Vendor', 'food_vendor', 3, 'Vendor meets all requirements', NOW()),
(1, 'Edited Product', 'product', 5, 'Updated product description', NOW()),
(2, 'Approved Accommodation', 'accommodation', 3, 'Property meets standards', NOW()),
(1, 'Removed Listing', 'listing', 12, 'Inappropriate content', NOW()),
(2, 'Verified Business', 'business', 5, 'All documents verified', NOW()),
(1, 'Updated System Settings', 'system', NULL, 'Changed payment gateway', NOW()),
(2, 'Resolved Dispute', 'dispute', 7, 'Mediated between buyer and seller', NOW()),
(1, 'Sent Notification', 'notification', NULL, 'Sent platform update notice', NOW()),
(2, 'Reviewed Application', 'application', 9, 'Approved business application', NOW()),
(1, 'Updated Category', 'category', 3, 'Added new subcategories', NOW()),
(2, 'Monitored Transactions', 'transaction', NULL, 'Reviewed suspicious activity', NOW()),
(1, 'Generated Report', 'report', NULL, 'Monthly sales report', NOW()),
(2, 'Updated FAQ', 'content', NULL, 'Added new questions', NOW()),
(1, 'Optimized Database', 'system', NULL, 'Performance optimization', NOW()),
(2, 'Backed Up Data', 'system', NULL, 'Scheduled backup completed', NOW());

-- Insert notifications (20 records)
INSERT INTO notifications (user_id, type, title, message, is_read, created_at) VALUES
(5, 'order', 'Order Confirmed', 'Your order #1001 has been confirmed', false, NOW()),
(6, 'payment', 'Payment Received', 'Payment of BDT 3500 received', true, NOW()),
(7, 'system', 'Platform Update', 'New features available on our platform', false, NOW()),
(8, 'promotion', 'Special Offer', '20% off on electronics this week', false, NOW()),
(9, 'order', 'Order Shipped', 'Your order #1005 has been shipped', true, NOW()),
(10, 'account', 'Profile Updated', 'Your profile has been successfully updated', false, NOW()),
(11, 'security', 'Login Alert', 'New login from unknown device', true, NOW()),
(12, 'promotion', 'Discount Code', 'Use code SAVE10 for 10% off', false, NOW()),
(13, 'order', 'Delivery Update', 'Your order will arrive tomorrow', false, NOW()),
(14, 'system', 'Maintenance Notice', 'Scheduled maintenance tonight', true, NOW()),
(15, 'payment', 'Payment Failed', 'Your payment failed, please try again', false, NOW()),
(16, 'order', 'Order Delivered', 'Your order #1012 has been delivered', true, NOW()),
(17, 'promotion', 'Flash Sale', 'Flash sale starting in 1 hour', false, NOW()),
(18, 'account', 'Verification Complete', 'Your account is now verified', false, NOW()),
(19, 'order', 'Review Request', 'Please review your recent purchase', true, NOW()),
(20, 'system', 'New Feature', 'Check out our new chat feature', false, NOW()),
(5, 'security', 'Password Changed', 'Your password was changed successfully', true, NOW()),
(6, 'promotion', 'Special Deal', 'Buy one get one free on selected items', false, NOW()),
(7, 'order', 'Return Processed', 'Your return has been processed', false, NOW()),
(8, 'system', 'App Update', 'New app version available for download', true, NOW());

-- Insert chats (20 records)
INSERT INTO chats (item_id, seller_id, buyer_id, created_at) VALUES
(1, 5, 6, NOW()),
(2, 6, 7, NOW()),
(3, 7, 8, NOW()),
(4, 8, 9, NOW()),
(5, 9, 10, NOW()),
(6, 10, 11, NOW()),
(7, 11, 12, NOW()),
(8, 12, 13, NOW()),
(9, 13, 14, NOW()),
(10, 14, 15, NOW()),
(11, 15, 16, NOW()),
(12, 16, 17, NOW()),
(13, 17, 18, NOW()),
(14, 18, 19, NOW()),
(15, 19, 20, NOW()),
(16, 20, 5, NOW()),
(17, 5, 6, NOW()),
(18, 6, 7, NOW()),
(19, 7, 8, NOW()),
(20, 8, 9, NOW());

-- Insert chat messages (20 records)
INSERT INTO chat_messages (chat_id, sender_id, content, is_read, created_at) VALUES
(1, 5, 'Hi, is this item still available?', true, NOW()),
(1, 6, 'Yes, it is available.', true, NOW()),
(2, 7, 'Can you negotiate on the price?', true, NOW()),
(2, 6, 'Sorry, price is fixed.', true, NOW()),
(3, 8, 'When can I come to see it?', false, NOW()),
(3, 7, 'Anytime tomorrow works for me.', false, NOW()),
(4, 9, 'What is the condition?', true, NOW()),
(4, 8, 'It's in excellent condition.', true, NOW()),
(5, 10, 'Do you have more pictures?', true, NOW()),
(5, 9, 'I can send them later today.', true, NOW()),
(6, 11, 'Is this authentic?', false, NOW()),
(6, 10, 'Yes, with original receipt.', false, NOW()),
(7, 12, 'Where is the pickup location?', true, NOW()),
(7, 11, 'Near UIU campus.', true, NOW()),
(8, 13, 'Can you hold it for me?', true, NOW()),
(8, 12, 'Yes, until tomorrow.', true, NOW()),
(9, 14, 'What payment methods do you accept?', false, NOW()),
(9, 13, 'Cash or bKash.', false, NOW()),
(10, 15, 'Is the warranty still valid?', true, NOW()),
(10, 14, 'Yes, 3 months remaining.', true, NOW());